use xue;
INSERT INTO Major (MajorName) VALUES
('计算机科学与技术'),
('软件工程'),
('电子信息工程'),
('通信工程'),
('人工智能');


INSERT INTO Teacher (Name, Gender) VALUES
('张老师', 'M'),
('李老师', 'F'),
('王老师', 'M'),
('赵老师', 'F'),
('孙老师', 'M');

INSERT INTO Class (CourseID,MajorID, ClassName, TeacherID) VALUES
(1,1, '计算机科学与技术-1班', 1),  -- MajorID 1对应计算机科学与技术专业
(2,2,'软件工程-1班', 2),           -- MajorID 2对应软件工程专业
(3,3,'电子信息工程-1班', 3),       -- MajorID 3对应电子信息工程专业
(4,1,'通信工程-1班', 4),           -- MajorID 4对应通信工程专业
(5,1,'人工智能-1班', 5);           -- MajorID 5对应人工智能专业

INSERT INTO Student (Name, Gender, DateOfBirth, ClassID) VALUES
('张三', 'M', '2001-03-15', 1),  -- StudentID自动增长
('李四', 'F', '2001-06-21', 1),
('王五', 'M', '2001-07-11', 2),
('赵六', 'F', '2001-08-10', 2),
('孙七', 'M', '2001-09-01', 3),
('周八', 'F', '2001-12-12', 3),
('吴九', 'M', '2002-01-30', 4),
('郑十', 'F', '2002-03-10', 4),
('钱十一', 'M', '2002-05-05', 5),
('陈十二', 'F', '2002-07-20', 5);

INSERT INTO Course (CourseName, CourseType, Credits) VALUES
('数据结构', 'C', 4),  -- Compulsory
('操作系统', 'C', 4),
('计算机网络', 'C', 3),
('数据库原理', 'C', 3),
('算法设计与分析', 'E', 2),  -- Elective
('人工智能基础', 'E', 3),
('软件工程导论', 'E', 3),
('数字电路', 'E', 2);

INSERT INTO Course_Teacher (CourseID, TeacherID) VALUES
(1, 1),  -- 数据结构由张老师讲授
(2, 1),  -- 操作系统由张老师讲授
(3, 2),  -- 计算机网络由李老师讲授
(4, 3),  -- 数据库原理由王老师讲授
(5, 4),  -- 算法设计与分析由赵老师讲授
(6, 5),  -- 人工智能基础由孙老师讲授
(7, 2),  -- 软件工程导论由李老师讲授
(8, 3);  -- 数字电路由王老师讲授


INSERT INTO Grade (StudentID, CourseID, Grade, CourseType) VALUES
(1, 1, 85, 'C'),  -- 张三-数据结构
(1, 2, 98, 'C'),  -- 张三-操作系统

(2, 1, 12, 'C'),  -- 李四-数据结构
(2, 3, 10, 'C'),  -- 李四-计算机网络
(3, 4, 18, 'C'),  -- 王五-数据库原理
(4, 5, 15, 'E'),  -- 赵六-算法设计与分析
(5, 6, 10, 'E'),  -- 孙七-人工智能基础
(6, 7, 12, 'E'),  -- 周八-软件工程导论
(7, 8, 13, 'E'),  -- 吴九-数字电路
(8, 1, 18, 'C');  -- 郑十-数据结构


INSERT INTO Plan (MajorID, CompulsoryCredits, ElectiveCredits) VALUES
(1, 10, 10),  -- 计算机科学与技术专业的教学计划
(2, 10, 10),   -- 软件工程专业的教学计划
(3, 10, 10),   -- 电子信息工程专业的教学计划
(4, 10, 10),   -- 通信工程专业的教学计划
(5, 10, 10);   -- 人工智能专业的教学计划
